company_name,company_number,company_status,company_type,company_subtype,dissolution_date,incorporation_date,removed_date,registered_date,nature_of_business,registered_office_address
PRIME FITNESS GYM KILMARNOCK LTD,SC836044,Active,Private limited company,,,2025-01-31,,,93130,65a Cessnock Road Hurlford Kilmarnock KA1 5DD Scotland
POWER HOUSE ELITE GYM LTD,16224923,Active,Private limited company,,,2025-02-03,,,93130,4 Ropewalk Gardens London E1 1PJ England
EXCOS GYM LTD,16226082,Active,Private limited company,,,2025-02-03,,,93199,45 Dorset Road Coventry CV1 4ED United Kingdom
131 FITNESS & GYM LTD,NI725936,Active,Private limited company,,,2025-02-02,,,93130,131 Shore Road Newtownabbey BT37 9SY Northern Ireland
M26 GYM CIC,SC837111,Active,Private limited by guarantee without share capital,Community Interest Company (CIC),,2025-02-10,,,85510 93130 93290 96040,49 Macfarlane Place Uphall Broxburn EH52 5PS Scotland
GYM LENGTH LTD,16227651,Active,Private limited company,,,2025-02-04,,,47710,70 Town Street Rotherham S60 2JP United Kingdom
W6 GYM LTD,16229633,Active,Private limited company,,,2025-02-04,,,93130,Arch 200 Prebend Gardens Chiswick London W6 0XT United Kingdom
SMARTT GYM BH LIMITED,16176705,Active,Private limited company,,,2025-01-10,,,93130,61 Cranford Lane Hounslow TW5 9HA England
HELLA GYM LTD,SC833306,Active,Private limited company,,,2025-01-07,,,99999,2/1 Corran Court 1 Mackintosh Way Lochgilphead PA31 8UY Scotland
MY GYM LOCKER LTD,16254152,Active,Private limited company,,,2025-02-14,,,47640,105 Arden Road Birmingham B6 6AP United Kingdom
GYM PROGRESS LTD,SC841237,Active,Private limited company,,,2025-03-14,,,99999,104 Glasgow Road Edinburgh EH12 8LP Scotland
ONE PERCENT GYM LTD,NI726670,Active,Private limited company,,,2025-02-22,,,93130,255 Crockanboy Road Omagh BT79 7QP Northern Ireland
TRUE GRIT TRAINING GYM LTD,16268347,Active,Private limited company,,,2025-02-21,,,93130,Unitd2 Metro Business Park Hanley ST1 4AF United Kingdom
JANE’S GYM LIMITED,16277144,Active,Private limited company,,,2025-02-26,,,93130,16 Oatlands Close Weybridge KT13 9ED England
BWOMEN GYM LTD,16320596,Active,Private limited company,,,2025-03-17,,,93130,36 High Street Navenby Lincoln LN5 0DZ England
FLEX GYM SOLUTIONS LTD,16338758,Active,Private limited company,,,2025-03-24,,,93130,C/O Atr Accountancy & Bookkeeping Ltd Imperial House 79-81 Hornby Street Bury BL9 5BN England
FRONTLINE GYM LTD,16338575,Active,Private limited company,,,2025-03-24,,,47710 47910 93130,2 Baggholme Road Lincoln LN2 5BQ England
BASE GYM LIMITED,16347288,Active,Private limited company,,,2025-03-27,,,93130,34 High Street Yatton Bristol BS49 4JA England
PHOENIX GYM LTD,16359925,Active,Private limited company,,,2025-04-02,,,93130,4 Summerlands Park Drive Ilminster TA19 9BN England
GYM-TAN LTD,16364711,Active,Private limited company,,,2025-04-04,,,77390,Ivydale High Street Coalport Telford TF8 7HZ England
FULHAM BOXING GYM LTD,16365004,Active,Private limited company,,,2025-04-04,,,93130,28 Longcroft Easbury Court Watford WD19 4JX United Kingdom
THE TEMPLE GYM LTD,16378885,Active,Private limited company,,,2025-04-10,,,93130,45 Medway Road Gillingham ME7 1NL England
DENTDALE COMMUNITY GYM C.I.C.,16377215,Active,Private limited by guarantee without share capital,Community Interest Company (CIC),,2025-04-09,,,93110,Gillside Dent Sedbergh LA10 5TE England
THE PADEL GYM LTD.,SC846082,Active,Private limited company,,,2025-04-23,,,93110,3/1 Bellevue Place Edinburgh EH7 4BS Scotland
GYM LEASE HIRE SOLUTIONS LTD,16409416,Active,Private limited company,,,2025-04-25,,,77210,2 Cilgant Y Meillion Rhoose Barry CF62 3LH Wales
GYM SUPPS UK LTD,16380515,Active,Private limited company,,,2025-04-10,,,46460 47910,213 Wood End Road Birmingham B24 8BL England
GYM GROUP STAFFORD LIMITED,16383516,Active,Private limited company,,,2025-04-12,,,93130,The Good Shed Newport Road Stafford ST16 2EX England
YOUR MENTAL GYM GUIDE LIMITED,16395208,Active,Private limited company,,,2025-04-17,,,96090,82a James Carter Road Mildenhall Suffolk IP28 7DE United Kingdom
CTFITNESS T/A THE HUB GYM LTD,16397800,Active,Private limited company,,,2025-04-22,,,86900,7 Roderick Close Abertawe SA1 6AJ United Kingdom
GYM BOSS LTD,16415667,Active,Private limited company,,,2025-04-29,,,47190 47710,38 Booker Avenue Milton Keynes MK13 8AR United Kingdom
GYM SWEETS LIMITED,16182675,Active,Private limited company,,,2025-01-14,,,47290,"Klaco House Third Floor, 28 St. John's Square London EC1M 4DN England"
FORGE GYM SURREY LTD,16188827,Active,Private limited by guarantee without share capital,,,2025-01-16,,,93130,Unit 3 13-19 Lower Road Sutton SM1 4QJ England
MASDA GYM LIVERPOOL LIMITED,16198274,Active,Private limited company,,,2025-01-21,,,93130,64 St. Anne Street Liverpool L3 3DY England
RICHMOND MY GYM LTD,16298591,Active,Private limited company,,,2025-03-06,,,93130,Unit 2 Dairy Court Orchard Road Richmond TW9 4FG United Kingdom
TOUGH LOVE GYM LTD,16299945,Active,Private limited company,,,2025-03-07,,,93130,15 Riverside Studios Amethyst Road Newcastle Business Park Newcastle Upon Tyne NE4 7YL United Kingdom
MBF GYM CLUB LIMITED,16423247,Active,Private limited company,,,2025-05-01,,,93130,The Horsefold 1 Well Bank Well Bedale DL8 2QF England
GYM AMC LTD,16384145,Active,Private limited company,,,2025-04-13,,,93130,Suite 10-12 Mezzanine Floor Royal Liver Building Pier Head Liverpool L3 1HU United Kingdom
VIVA GYM LTD,16427221,Active,Private limited company,,,2025-05-02,,,93130,2 New College Radclive Buckingham MK18 4AB England
FOUNDATIONS GYM LTD,16759010,Active,Private limited company,,,2025-10-02,,,93130,14 Vicarage Road Bagillt CH6 6DB United Kingdom
TRIBAL GYM WEST LTD,16766740,Active,Private limited company,,,2025-10-06,,,93110,4 Bonfrey Way Hull HU12 8GL England
COREMAX GYM LTD,16731818,Active,Private limited company,,,2025-09-21,,,93130,44 Baston Road Bromley BR2 7BE England
THE GYM REAPER LTD,16738972,Active,Private limited company,,,2025-09-24,,,93199,43 Liscard House Mill Lane Wallasey CH44 5XN United Kingdom
POWERBELL PERSONAL TRAINING GYM LTD,16736005,Active,Private limited company,,,2025-09-23,,,96040,Unit 8 Barclays Business Park Wareing Road Liverpool L9 7AU England
OLYMPUS GYM CO.DOWN LTD,NI733629,Active,Private limited company,,,2025-09-23,,,93130,1 Brannish Road Downpatrick BT30 6LL Northern Ireland
BUBBLE BOUNCE GYM LTD,16749958,Active,Private limited company,,,2025-09-29,,,79909 88910,65 Leamington Street Bradford BD9 4QZ England
GYM EQUIPMENT SERVICES LTD,16743811,Active,Private limited company,,,2025-09-25,,,33190 47799 47910 49420,38a Howard Street Reading RG1 7XS England
FOUNDRY GYM WORCESTER LTD,16778073,Active,Private limited company,,,2025-10-10,,,93130,Ground Floor Office 2 Carnegie Court Farnham Common Slough SL2 3GQ United Kingdom
LO GYM OVL LTD,16779899,Active,Private limited company,,,2025-10-13,,,93130,9 Manchuria Road London SW11 6AF England
THE PIT CLUB HEALTH & FITNESS GYM CIC,16789078,Active,Private limited by guarantee without share capital,Community Interest Company (CIC),,2025-10-16,,,93130,8-10 Albion Street Liverpool L5 3QW United Kingdom
ICON GYM STUDIO LIMITED,16571625,Active,Private limited company,,,2025-07-09,,,93130,"Arena Offices 100 Berkshire Place, Gf33 Winnersh RG41 5RD England"
JACKMAN GYM LTD,16803897,Active,Private limited company,,,2025-10-22,,,93130 96040,"Flat 5, 2 Queens Road Southport PR9 9HN England"
THE FRIENDLY GYM LTD,NI734753,Active,Private limited company,,,2025-10-24,,,93130,33 Saintfield Mill Saintfield Ballynahinch BT24 7FH Northern Ireland
GYM MACHINE CABLES LIMITED,16237260,Active,Private limited company,,,2025-02-07,,,46690,60-63 Bunhill Row London EC1Y 8QW England
UFC GYM FIT OUT UK LIMITED,16776695,Active,Private limited company,,,2025-10-10,,,43999,Yew Tree New Bungalow Shirehall Road Dartford DA2 7SE England
GYM KIDS LLP,OC457211,Active,Limited liability partnership,,,2025-06-24,,," ",The Little Gym Widnes Earle Road Widnes WA8 0GY England
GYM ACCESSORIES LTD,16453272,Active,Private limited company,,,2025-05-15,,,93130,First Floor Castle House Dawson Road Bletchley MK1 1QT England
TRENCHTOWN BOXING GYM LIMITED,16375362,Active,Private limited company,,,2025-04-09,,,93130,Unit 2/3 Broadbent Close London N6 5JW England
GYM UNIT FITNESS CLOTHING LTD,16455584,Active,Private limited company,,,2025-05-18,,,46420 47710,81-85 High Street Brentwood CM14 4RR England
OLIVER'S MOBILE DOG GYM LTD,16510284,Active,Private limited company,,,2025-06-11,,,96090,Terrace Hall Woolhope Hereford HR1 4QJ United Kingdom
SITJAIYAI MUAY THAI GYM LTD,16506196,Active,Private limited company,,,2025-06-09,,,93110,Unit S Fens Pool Avenue Brierley Hill DY5 1QA England
ACCELERATE GYM LTD,16525230,Active,Private limited company,,,2025-06-17,,,93130,64 Mill Street Slough SL2 5DH England
SMART GYM SOLUTIONS LIMITED,16514882,Active,Private limited company,,,2025-06-12,,,93130,9 Mcellen Road Abram Wigan WN2 5YT England
ACCESS GYM LTD,16422827,Active,Private limited company,,,2025-05-01,,,93130,124-128 City Road London EC1V 2NX England
LEO'S GYM CIC,16551699,Active,Private limited by guarantee without share capital,Community Interest Company (CIC),,2025-06-30,,,93130,45 White Lund Road Morecambe LA3 3NL England
HYBRID POWER GYM LTD,16549945,Active,Private limited company,,,2025-06-30,,,93110 93199,Flat 53 Cearns House 69 William Morley Close London E6 1QX England
HAWLEY’S BOXING GYM LTD,16571716,Active,Private limited company,,,2025-07-09,,,93130,Hawley’S Boxing Gym 340 Footscray Road New Eltham SE9 2EB United Kingdom
VIRGIN ACTIVE GYM HOLDINGS LIMITED,16583184,Active,Private limited company,,,2025-07-15,,,70100,26 Little Trinity Lane Mansion House London EC4V 2AR England
FREAKYS GYM LTD,16584248,Active,Private limited company,,,2025-07-15,,,93130,107 Ashby High Street Scunthorpe DN16 2JX England
GYM FACTORY BEVERLEY LIMITED,16572035,Active,Private limited company,,,2025-07-09,,,93130,Suite 1-2 55 Fleet Road Fleet GU51 3PJ England
GYM ASSASSIN LTD,16572953,Active,Private limited company,,,2025-07-10,,,93199,Flat 7 Union Court Elmfield Way London W9 3UL England
GYM BUDY LTD,16183748,Active,Private limited company,,,2025-01-14,,,62090 93130 93199 96040,"3rd Floor, 86-90 Paul Street London EC2A 4NE England"
COMMANDO FACTORY GYM LTD,SC855799,Active,Private limited company,,,2025-07-16,,,93130,14 Stoneygate Road Newmilns KA16 9AL United Kingdom
TDM GYM BURTON LTD,16600020,Active,Private limited company,,,2025-07-22,,,93130,8a Bore Street Lichfield WS13 6LL England
TDM GYM TAMWORTH LTD,16600070,Active,Private limited company,,,2025-07-22,,,93130,8a Bore Street Lichfield WS13 6LL England
LEO'S GYM AMATEUR BOXING CLUB CIC,16604990,Active,Private limited by guarantee without share capital,Community Interest Company (CIC),,2025-07-24,,,93120,Beadle House 16 Bull Plain Hertford SG14 1DT England
STACKERZ GYM LTD,16609219,Active,Private limited company,,,2025-07-28,,,47640 47910 93130 96040,"3rd Floor, 86-90 Paul Street London EC2A 4NE England"
FITLEAF GYM LTD,16634231,Active,Private limited company,,,2025-08-07,,,96040,30 Lower Ford Street Coventry CV1 5PW England
COLOSSEUM GYM CARDIFF LTD,16633302,Active,Private limited company,,,2025-08-06,,,93130,Unit 5 Fairfield Industrial Estate Gwaelod-Y-Garth Cardiff CF15 8LA Wales
THE PEOPLE'S GYM CIC,16617240,Active,Private limited by guarantee without share capital,Community Interest Company (CIC),,2025-07-30,,,85590 88990 93130,Flat 9 Simco Court 81 Northlands Road Southampton SO15 2DQ England
SWANNFITNESS FEMALE ONLY GYM LTD,16636115,Active,Private limited company,,,2025-08-07,,,93130,Unit 6 Anchor Business Park Featherstall Road North Oldham OL9 6AZ England
BODYWEIGHT FITNESS & GYM LIMITED,16637921,Active,Private limited company,,,2025-08-08,,,93130 93199 96040,14/2e Docklands Business Centre 10-16 Tiller Road London E14 8PX United Kingdom
STABLES GYM LTD,16625995,Active,Private limited company,,,2025-08-04,,,93130,10 Barnetts Court Corbins Lane Harrow HA2 8EU United Kingdom
FULLER LIFE GYM CIC,16623122,Active,Private limited by guarantee without share capital,Community Interest Company (CIC),,2025-08-01,,,93199,34 Ardent Avenue Walmer Deal CT14 7UE England
THE M41 GYM LTD,16625264,Active,Private limited company,,,2025-08-04,,,93130,47a Higher Road Urmston M41 9AP United Kingdom
FOUNDRY GYM WARRINGTON LIMITED,16849637,Active,Private limited company,,,2025-11-12,,,93130,3c Mitre Court 38 Lichfield Road Sutton Coldfield B74 2LZ England
FOCUS GYM TECHNOLOGY LTD,16725400,Active,Private limited company,,,2025-09-17,,,62012 85590 96090,"2 Crossways Business Centre Bicester Road, Kingswood, Aylesbury HP18 0RA United Kingdom"
SOLID IMPACT GYM LTD,16904901,Active,Private limited company,,,2025-12-11,,,93130,281 Rock Terrace Bradford BD8 7DL England
GYM RATZ LTD,16852219,Active,Private limited company,,,2025-11-13,,,47710 47721 47910 47990,"2nd Floor College House 17 King Edwards Road, Ruislip, HA4 7AE United Kingdom"
THE BARN GYM (WEST CAMBRIDGE) LIMITED,16554896,Active,Private limited company,,,2025-07-01,,,93130,Middle Fen Farm Earith Road Willingham Cambridge CB24 5LT England
GYM BUDDY LTD,16896688,Active,Private limited company,,,2025-12-08,,,58290,Springdale Wyesham Road Wyesham Monmouth NP25 3JH Wales
GYM TRADING SOLUTIONS LTD,16724785,Active,Private limited company,,,2025-09-17,,,47990,4 Nile Close Nelson Court Business Centre Ashton-On-Ribble PR2 2XU England
ELEVATE GYM GROUP LTD,16475815,Active,Private limited company,,,2025-05-27,,,93130,Apartment 610 Alexandra Wharf 1 Maritime Walk Ocean Village Southampton SO14 3QR England
THE GEEK GYM LTD,16436419,Active,Private limited company,,,2025-05-08,,,46180 47190 47650 47910,651a Mauldeth Road West Chorlton Manchester M21 7SA England
STÄÄL GYM SUPPLIES LTD,16443929,Active,Private limited company,,,2025-05-12,,,46190,Stone Hall Cottage Moulsham Hall Lane Great Leighs Chelmsford CM3 1PZ England
FOUNDRY GYM NOTTINGHAM LTD,16493170,Active,Private limited company,,,2025-06-03,,,93130,Ground Floor Office 2 Carnegie Court Farnham Common SL2 3GQ United Kingdom
METRO GYM 24 (EAST) LTD,16499755,Active,Private limited company,,,2025-06-05,,,93130,Unit 4 Victor Business Park 12 Gillett Street Hull HU3 4JA England
SMARTT GYM CRAWLEY LIMITED,16176572,Active,Private limited company,,,2025-01-10,,,93130,11 Denvale Trade Park Haslett Avenue East Crawley RH10 1SS England
PFS GYM & SPORTS NUTRITION LIMITED,16172511,Active,Private limited company,,,2025-01-09,,,93110,22 Burton Road Newport NP19 7NE Wales
FAREHAMS 24/7 GYM LTD,16824256,Active,Private limited company,,,2025-10-31,,,93130,Down End Road Fareham PO16 8TS United Kingdom
GYM ONE LIMITED,16831473,Active,Private limited company,,,2025-11-04,,,93130,18 Lawrence Way Lichfield WS13 6RD England
POWER GYM EQUIPMENT LIMITED,16834082,Active,Private limited company,,,2025-11-05,,,32300,24 Weavermill Park Ashton-In-Makerfield Wigan WN4 9EZ England
GYM ENVY LONDON LIMITED,16439031,Dissolved,Private limited company,,2025-12-30,2025-05-08,,,46160,"3rd Floor, 86-90 Paul Street London EC2A 4NE United Kingdom"
JN & CO GYM SPACE LIMITED,16927900,Active,Private limited company,,,2025-12-23,,,93110,Unit 1-2 Unity Business Park Bath Road Bitton Bristol BS30 6HZ England
PENDULUM GYM LTD,16923828,Active,Private limited company,,,2025-12-20,,,93130,16 Langton Road Bishops Waltham Southampton SO32 1GF England
JACKED GYM 26 LTD,SC873357,Active,Private limited company,,,2025-12-22,,,93130,25 Finlas Street C Glasgow G22 5DU United Kingdom
LIGHTWEIGHTS GYM LIMITED,16547864,Dissolved,Private limited company,,2026-01-06,2025-06-27,,,93130,23 Gironde Road London SW6 7DY England
MUSCLE BASIN GYM WHITECHAPEL LTD,16935020,Active,Private limited company,,,2025-12-30,,,93130,207 Leytonstone Road London E15 1LN United Kingdom
THE POCKET GYM LTD,16683394,Active,Private limited company,,,2025-08-31,,,74100,2 Haworth Croft Broughton Milton Keynes MK10 9QP England
THE ACADEMIC GYM LTD,16561942,Active,Private limited company,,,2025-07-05,,,85590 85600,71-75 Shelton Street Covent Garden London WC2H 9JQ England
WEBB'S BOXING GYM CIC,16567921,Active,Private limited by guarantee without share capital,Community Interest Company (CIC),,2025-07-08,,,96040,27 Old Gloucester Street London WC1N 3AX United Kingdom
NEXTGEN GYM AND FITNESS LTD,16560633,Active,Private limited company,,,2025-07-03,,,93130,162 High Street New Whittington Chesterfield S43 2AN United Kingdom
EMSWORTH GYM LTD,16566463,Active,Private limited company,,,2025-07-08,,,93130,"2, Emsworth Gym Ltd Havant Road Emsworth PO10 7JE United Kingdom"
GYM WIN LTD,16562988,Active,Private limited company,,,2025-07-07,,,93290,71-75 Shelton Street Covent Garden London WC2H 9JQ United Kingdom
EFFORTLESS GYM LTD,16652122,Active,Private limited company,,,2025-08-15,,,93130,76 Basepoint Business Centre Aviation Park West Hurn Christchurch BH23 6NX England
NO EXCUSE GYM & FITNESS LTD,16659878,Active,Private limited company,,,2025-08-19,,,93130,Unit 2.1 Heaton Mills Heaton Street Denton Manchester M34 3RG England
MUTANT GYM LAB LTD,16695441,Active,Private limited company,,,2025-09-04,,,96090,11 Knightwick Crescent Birmingham B23 7DA England
LEGIONS GYM BOXING CLUB CIC,16676117,Active,Private limited by guarantee without share capital,Community Interest Company (CIC),,2025-08-27,,,93110,Unit 1a Foxoak Park Dunnington York YO19 5RZ United Kingdom
TALISMAN GYM HERTFORD LTD,16716989,Active,Private limited company,,,2025-09-15,,,93130,71-75 Shelton Street Covent Garden London WC2H 9JQ United Kingdom
FFITRWYDD MON FITNESS GYM LTD,16653619,Active,Private limited company,,,2025-08-15,,,93130,Unit 13 Trident Business Park Bryn Cefni Industrial Park Llangefni LL77 7BB Wales
THE PIT BOXING GYM LTD,16724828,Active,Private limited company,,,2025-09-17,,,93130,Unit 104 Lakesview International Business Park Hersden Canterbury CT3 4NH England
OLDFIELD’S GYM LTD,16720522,Active,Private limited company,,,2025-09-16,,,93130,1 Edward Avenue Newcastle ST5 2HB England
C-4 GYM (BOSTON) LTD,16720951,Active,Private limited company,,,2025-09-16,,,93130,32 The Crescent Spalding PE11 1AF England
INFINITY GYM LTD,16720188,Active,Private limited company,,,2025-09-16,,,93130,Unit 2b Kyme Mill Killinghall Road Bradford BD3 8HW United Kingdom
HIRE GYM LIMITED,16288597,Active,Private limited company,,,2025-03-03,,,77210,"16288597 - COMPANIES HOUSE DEFAULT ADDRESS Cardiff CF14 8LH "
GYM RENT LIMITED,16288492,Active,Private limited company,,,2025-03-03,,,77210,"16288492 - COMPANIES HOUSE DEFAULT ADDRESS Cardiff CF14 8LH "
REAL LEGENDS GYM LTD,16246137,Active,Private limited company,,,2025-02-12,,,96090,Quantrill House 2 Dunstable Road Luton LU1 1DX England
GYM DEMON LTD,16396876,Active,Private limited company,,,2025-04-20,,,99999,25 Overton Way Wrexham LL12 7LB Wales
FOUR CORNERS BOXING GYM CIC,16408764,Active,Private limited by guarantee without share capital,Community Interest Company (CIC),,2025-04-25,,,93120,4102 Charlotte House Norfolk Street Liverpool L1 0BG United Kingdom
THE GYM TECHNICIAN LTD,16375312,Active,Private limited company,,,2025-04-09,,,33190,19 Vine Tree Avenue Crewe CW2 7NT England
THE TEMPLE GYM GROUP LTD,16378881,Active,Private limited company,,,2025-04-10,,,64209,45 Medway Road Gillingham ME7 1NL England
RIVAL MMA GYM KX LTD,16391361,Active,Private limited company,,,2025-04-16,,,93130,251-253 Caledonian Road London N1 1ED England
CATHOLIC GYM SOCIETY CIC,16391976,Active,Private limited by guarantee without share capital,Community Interest Company (CIC),,2025-04-16,,,94910,Wyckens Axford Road Ellisfield Basingstoke RG25 2QG England
JUNGLE GYM ADVENTURE PLAY AND CAFÉ CIC,16416280,Active,Private limited by guarantee without share capital,Community Interest Company (CIC),,2025-04-29,,,56102 93290,109 Ecclestone Road Wolverhampton WV11 2QA England
FOESHILL GYM AND FIGHT CLUB LTD,16393468,Active,Private limited company,,,2025-04-17,,,93110,Auburndale House 661a Foleshill Road Coventry CV6 5JQ England
GYM CULTURE LTD,16210091,Dissolved,Private limited company,,2025-04-29,2025-01-27,,,47910,233 Poole Lane Bournemouth BH11 9EB England
NEWPORT PAGNELL PT GYM LTD,16423300,Active,Private limited company,,,2025-05-01,,,93130,16 Redcar Road Towcester NN12 6LZ England
GYM FILLE LIMITED,16220779,Active,Private limited company,,,2025-01-31,,,46420,85 Glyndebourne Gardens Corby NN18 0QA England
THE YARD BOXING GYM LTD,16197924,Active,Private limited company,,,2025-01-21,,,93120,226 Sandy Lane Droylsden Manchester M43 7JX England
LITTLE MOVERS GYM LIMITED,16187328,Active,Private limited by guarantee without share capital,,,2025-01-15,,,88910,161-169 Essex Road London N1 2SN England
PANDA GYM EQUIPMENT LTD,16227365,Active,Private limited company,,,2025-02-04,,,46690 47190 47799,51 Thoroughsale Road Corby NN17 1JB United Kingdom
WARRIOR COMBAT GYM CIC,16239524,Active,Private limited by guarantee without share capital,Community Interest Company (CIC),,2025-02-10,,,93130,51 South Road Waterloo L22 5PE United Kingdom
DRAGON GYM LEIGH LTD,16241225,Active,Private limited company,,,2025-02-10,,,93199,"Unit 15, Welch Hill Mill Welch Hill Street Leigh WN7 4DU United Kingdom"
SPIRIT CENTRE SKF DOJO GYM & STUDIO LIMITED,16231528,Active,Private limited company,,,2025-02-05,,,93199,12 Mead Crescent Dartford DA1 2SH United Kingdom
ABK GYM GROUP LTD,16280711,Active,Private limited company,,,2025-02-27,,,93130,26 Goodge Street London W1T 2QG England
NEW IMAGE GYM RUSKINGTON LTD,16300866,Active,Private limited company,,,2025-03-07,,,96040,Northgate House Northgate Sleaford NG34 7BZ England
CITY GYM VAUXHALL LIMITED,16305200,Active,Private limited company,,,2025-03-10,,,93130,71-75 Shelton Street Covent Garden London WC2H 9JQ United Kingdom
TMU GYM LTD,16302436,Active,Private limited company,,,2025-03-08,,,93130 93199,5 Kingsley Court Mansfield NG19 8JF England
REAL GYM FOOD LTD,16353092,Active,Private limited company,,,2025-03-31,,,56102,54 Wydon Park Hexham NE46 2DA United Kingdom
LIMITLESS POWER GYM LTD,16555078,Active,Private limited company,,,2025-07-01,,,93130,63 Kingsway Manchester M19 2LL England
GYM INSTALLATION SERVICES LTD,16174851,Active,Private limited company,,,2025-01-10,,,33200,Unit 8 Hadley Business Park Hadley Park Road Telford TF1 6AB England
BLOOM’S GYM LIMITED,16565432,Active,Private limited company,,,2025-07-07,,,46341 56101 93130 96040,373 Loughborough Road Birstall Leicester LE4 4BG England
STEELTECH GYM INSTALLATIONS LIMITED,16569242,Active,Private limited company,,,2025-07-08,,,43390,328 Gayfield Avenue Brierley Hill DY5 3JE England
SKERDY'S GYM LTD,16199784,Active,Private limited company,,,2025-01-22,,,93130 93199,158 Uxbridge Road London W13 8SB England
BENNETT GYM (HELSTON) LTD,16204492,Active,Private limited company,,,2025-01-23,,,93130,11a Kimberley Park Road Falmouth TR11 2DA England
THE GYM SCRIPT LTD,16210042,Active,Private limited company,,,2025-01-27,,,93130,255 Brecon Road Ystradgynlais Swansea SA9 1QT Wales
AMS GYM LTD,16537198,Active,Private limited company,,,2025-06-23,,,93130,4 Saville Gardens Billingshurst RH14 9RR England
SWEAT HYBRID GYM LTD,16537112,Active,Private limited company,,,2025-06-23,,,93130,30 Honiton Way Hartlepool TS25 2PR England
START CREATIVE GYM LIMITED,16576588,Active,Private limited company,,,2025-07-11,,,85590,24 Highfield Square Liverpool L13 3BL United Kingdom
DIAMOND GYM WEAR LIMITED,16593991,Active,Private limited company,,,2025-07-20,,,47710,7 Manor Road Brighton BN2 5EE England
SYNERGY GYM LTD,16597859,Active,Private limited company,,,2025-07-22,,,93130,Unit 1 & 2 Broadoak Park Canal Way Ilminster TA19 9DW United Kingdom
GYM ARC LIMITED,16284921,Active,Private limited company,,,2025-03-01,,,46420,6 Windsor Walk Doncaster DN5 8NQ England
GYM AND TONIC FITNESS LIMITED,16237372,Dissolved,Private limited company,,2025-08-05,2025-02-07,,,93130,7 Tendergreen View Tewkesbury GL20 5FP England
KENSHIRO GYM LTD,16612048,Active,Private limited company,,,2025-07-29,,,93130,11 Hollingbury Rise Brighton BN1 7HH England
MERLIN GYM LIMITED,16438076,Active,Private limited company,,,2025-05-08,,,93130,Champions Place Kent Hatch Road Oxted RH8 0TA England
ALPHA GYM LTD,16478252,Active,Private limited company,,,2025-05-28,,,93130,Unit D R/O 181 Forest Road Hainault IG6 3HZ United Kingdom
KENNEDYS KINGDOM BOXING GYM LTD,16322656,Active,Private limited company,,,2025-03-18,,,93199,"3rd Floor, 86-90 Paul Street London EC2A 4NE United Kingdom"
CROSS N GYM LIMITED,16339142,Active,Private limited company,,,2025-03-24,,,63990 86900 93130 93199,12 Pimpernel Way Romford RM3 8BT England
GORILLA GAINZ GYM LTD,16345214,Active,Private limited company,,,2025-03-26,,,93130,85c Stamford Street London SE1 9NB England
THE HYVE GYM LTD,16347456,Active,Private limited company,,,2025-03-27,,,93130,Panteg Farm Pinged Kidwelly SA16 0JE Wales
BMO GYM AND FITNESS LIMITED,16347867,Active,Private limited company,,,2025-03-27,,,93130,176-178 Pontefract Road Cudworth Barnsley S72 8BE England
FOUDNRY GYM TAMWORTH LTD,16454373,Active,Private limited company,,,2025-05-15,,,93130,Ankerside Shopping Centre Unit 44 Tamworth B79 7LG United Kingdom
LIONS CUB GYM LTD,16341520,Active,Private limited company,,,2025-03-25,,,93130,32-42 East Street Hillfields Coventry CV1 5LS United Kingdom
LIONS GYM MMA LTD,16445418,Active,Private limited company,,,2025-05-12,,,93130,32-42 East Street Hillfields Coventry CV1 5LS United Kingdom
DO YOU FEMALE ONLY GYM LTD,NI729988,Active,Private limited company,,,2025-06-02,,,93130,"26 Linenhall Street, 1st Floor C/O Feb Chartered Accountants Belfast BT2 8BG Northern Ireland"
GYM CENTRE GROUP LIMITED,16499546,Active,Private limited company,,,2025-06-05,,,93130,Flat 54 Smoothfield Court Hibernia Road Hounslow TW3 3RJ England
GYM ERA LTD,16430956,Active,Private limited company,,,2025-05-06,,,74100,21 Woodyard Close London NW5 4BU United Kingdom
LIMITLESS GYM APPAREL LTD,16433255,Active,Private limited company,,,2025-05-06,,,47910,6 Albert Edward Road Liverpool L7 8RY England
FRANK GYM MAINTENANCE LTD,SC838904,Active,Private limited company,,,2025-02-24,,,33190,Gowdenlea Roman Road Clydebank G81 6BT Scotland
TRIBAL GYM HQ LTD,16393681,Active,Private limited company,,,2025-04-17,,,93130,4 Bonfrey Way Hedon Hull HU12 8GL England
INNER GYM CIC,16505010,Active,Private limited by guarantee without share capital,Community Interest Company (CIC),,2025-06-09,,,86900 88990 96040,8 Kings Road Portishead Bristol BS20 8HH England
GYM LAB FITNESS LTD,16666125,Active,Private limited company,,,2025-08-21,,,93130,81 Moseley Avenue Coventry CV6 1HR England
TRK GYM SUPPLIES LIMITED,16652464,Active,Private limited company,,,2025-08-15,,,47190 47640 47910,5 Eastfield Road Enfield EN3 5UX England
AWHBXING GYM LTD,SC860696,Active,Private limited company,,,2025-08-28,,,93130,West Mains Farm Gleneagles Auchterarder PH3 1PJ Scotland
RICK'S GYM LTD,16682008,Active,Private limited company,,,2025-08-29,,,43290 93130,40 Magpie Way Winslow Buckingham MK18 3JT England
GYM JUNKY LTD,16575920,Active,Private limited company,,,2025-07-11,,,47640,"1st Floor, Gibraltar House First Avenue Centrum One Hundred Burton-On-Trent DE14 2WE England"
MASH GYM PRODUCTS LTD,16605062,Active,Private limited company,,,2025-07-24,,,32300,Unit 21 Dock Road Birkenhead CH41 1FD United Kingdom
THE BARN GYM (HOLDINGS) LIMITED,16610636,Active,Private limited company,,,2025-07-28,,,64209,Middle Fen Farm Earith Road Willingham Cambridge CB24 5LT England
THE NEW CANVEY ISLAND GYM LTD,16604800,Active,Private limited company,,,2025-07-24,,,93130,8b Oxford Road Canvey Island SS8 7SJ England
IMPACT GYM OLDBURY LTD,16259635,Active,Private limited company,,,2025-02-18,,,93130,C/O Michael Heaven & Associates Limited 47 Calthorpe Road Edgbaston Birmingham B15 1TH United Kingdom
LOVE 2 GYM LTD,16588595,Active,Private limited company,,,2025-07-17,,,93130,12-14 Moor Lane Crosby Liverpool L23 2UE England
FITNESS EVOLUTION GYM LTD,16690767,Active,Private limited company,,,2025-09-03,,,93130,Straw Barn Old Turkey Farm Barrows Lane Sway SO41 6DD United Kingdom
RHINOS GYM TAMWORTH LIMITED,16615359,Active,Private limited company,,,2025-07-30,,,96040,Unit 7 Common Barn Farm Tamworth Road Lichfield WS14 9PX United Kingdom
FLAIR GYM CLUBS LLP,OC457601,Active,Limited liability partnership,,,2025-07-30,,," ",Marine House 151 Western Road Haywards Heath RH16 3LH United Kingdom
THE STABLE GYM COLLECTIVE LIMITED,16225081,Active,Private limited company,,,2025-02-03,,,93130,1 The Mews Rear Of 134 Worplesdon Road Guildford GU2 9RX England
VALHALLA GYM WREXHAM LTD,16624096,Active,Private limited company,,,2025-08-03,,,47290 47710 93130,Unit C & D Rhosddu Industrial Estate Old Rhosrobin Wrexham LL11 4YL Wales
ASCEND GYM LTD,16632860,Active,Private limited company,,,2025-08-06,,,93130,Suites 10&11 The Hive Bell Lane Stevenage SG1 3HW England
THE DEDICATED GYM LTD,16454930,Active,Private limited company,,,2025-05-17,,,96040,"Unit B, Ford Lane Industrial Estate Ford Lane Ford Arundel BN18 0DF England"
GYM STEEL EQUIPMENT LTD,16181578,Dissolved,Private limited company,,2025-08-19,2025-01-13,,,46690,"16181578 - COMPANIES HOUSE DEFAULT ADDRESS Cardiff CF14 8LH "
DAT GYM LTD,16643450,Active,Private limited company,,,2025-08-11,,,93130,24 Longwood Copse Lane Beggarwood Basingstoke RG23 7FD England
FOUNDRY GYM WALSALL LTD,16731139,Active,Private limited company,,,2025-09-20,,,93199,1 Pool Street Walsall WS1 2EN England
MODUS GYM LTD,SC862525,Active,Private limited company,,,2025-09-11,,,93130,4 Beechwood Lea Thorntonhall Glasgow G74 5BQ Scotland
SW GYM EQUIPMENT LTD,16370696,Active,Private limited company,,,2025-04-07,,,46690,Unit D2 Neptune Park Plymouth PL4 0SJ United Kingdom
EXPERT GYM EQUIPMENT LTD,16695475,Active,Private limited company,,,2025-09-04,,,64209,Unit S Fens Pool Avenue Brierley Hill DY5 1QA England
THE GYM LOCKER LTD,NI733003,Active,Private limited company,,,2025-09-05,,,47710,42a-44a New Row Coleraine BT52 1AF Northern Ireland
GYM ROOMS NI LTD,NI733007,Active,Private limited company,,,2025-09-05,,,41202,15 Breton Avenue Lisburn BT28 3XZ Northern Ireland
MANTIS GYM LTD,16769099,Active,Private limited company,,,2025-10-07,,,93130,34 Church Hill Spondon Derby DE21 7LJ England
THE GYM BROS LTD,16749695,Active,Private limited company,,,2025-09-29,,,47290 47910 56102 56103,167 - 169 Great Portland Street 5th Floor London W1W 5PF England
VYVE GYM GROUP LIMITED,16608211,Active,Private limited company,,,2025-07-25,,,93199,Paternoster House North Street Exeter EX4 3FR United Kingdom
STAYFIT GYM LTD,16741593,Active,Private limited company,,,2025-09-25,,,93130,Branch House 31-33 Branch Road Batley WF17 5SB England
BLACKWATER GYM SOLUTIONS LTD,16738762,Active,Private limited company,,,2025-09-24,,,82990,Unit 6-7 Tey Brook Centre Brook Road Great Tey Colchester CO6 1JE England
MUVE GYM LTD,16752128,Active,Private limited company,,,2025-09-30,,,93130,Unit 1b Focus Four Fourth Avenue Letchworth Garden City SG6 2TU England
BASE FIT GYM LTD,16752795,Active,Private limited company,,,2025-09-30,,,93130,Unit G Moor Park Business Centre Thornes Moor Road Wakefield WF2 8PF England
MUSCLE BOUND GYM HUDDERSFIELD LTD,16782639,Active,Private limited company,,,2025-10-14,,,93130,"Unit 3 Beckside Works, Beckside Road Muscle Bound Gym Bradford BD7 2BR United Kingdom"
TORO GYM LIMITED,SC866514,Active,Private limited company,,,2025-10-16,,,93130,1 Eachaig Kilmun Dunoon PA23 8SJ Scotland
GOLD GYM PRO LIMITED,16788248,Active,Private limited company,,,2025-10-15,,,93130,95 Kyrkeby Letchworth Garden City SG6 2PQ England
REVIVAL GYM LIMITED,16533884,Dissolved,Private limited company,,2025-10-21,2025-06-22,,,93130,66 Smithy Way Huddersfield HD3 3ZD England
ABS GYM SWAFFHAM LTD,16787503,Active,Private limited company,,,2025-10-15,,,93130,4 St. Nicholas Court Church Lane Dersingham King's Lynn PE31 6GZ England
SNIPERS GYM LTD,16700706,Active,Private limited company,,,2025-09-08,,,96040,59 Alington Grove Wallington SM6 9NH England
THE STREET GYM OVERTON LTD,16699895,Active,Private limited company,,,2025-09-08,,,93130,51 Overton Hill Overton Basingstoke RG25 3PD England
THE BRAIN GYM & RESEARCH LTD,16829829,Active,Private limited company,,,2025-11-04,,,62012 72200 85590,Ty Carreg 37 Windsor Road Six Bells Abertillery NP13 2QF United Kingdom
FOUNDRY GYM MANSFIELD LIMITED,16774944,Active,Private limited company,,,2025-10-09,,,93110,"Unit 1 Impact Park Willenhall Lane Bloxwich, Walsall WS3 2XN England"
GYM AND JUICE RECOVERY LTD,16775676,Active,Private limited company,,,2025-10-09,,,86900,11 The Elms Horringer Bury St. Edmunds IP29 5SE England
PURE ATHLETE GYM LTD,SC867443,Active,Private limited company,,,2025-10-23,,,47710 93130,3 Hill Street Edinburgh EH2 3JP United Kingdom
GYM BOO LTD,16798343,Active,Private limited company,,,2025-10-20,,,32990 47910,20 Gloucester Road Wakefield WF2 8NF England
THE PERSONAL TOUCH GYM LTD,16835066,Active,Private limited company,,,2025-11-05,,,93130,85 Priory Road Kenilworth CV8 1LQ England
THE PLAY GYM LIMITED,16427777,Active,Private limited company,,,2025-05-02,,,93290,"16427777 - COMPANIES HOUSE DEFAULT ADDRESS Cardiff CF14 8LH "
NO LIMITS GYM RUGBY LIMITED,16844556,Active,Private limited company,,,2025-11-10,,,93130,17 Balcombe Road Rugby CV22 5HY England
THE SANCTUARY GYM (LEO) LTD,16813135,Active,Private limited company,,,2025-10-27,,,93130,4 Mappenors Lane Leominster HR6 8TG England
RHINO GYM WEAR LTD,16826291,Active,Private limited company,,,2025-11-03,,,47710 47910,"Suite 002, Sir Robert Peel House 344-348 High Road Ilford IG1 1QP United Kingdom"
GYM REIGN LTD,16412190,Dissolved,Private limited company,,2025-11-18,2025-04-28,,,47910,87 Roundwood Avenue Bradford BD10 0LB England
POWERZONE GYM SYSTEMS LTD,16931578,Active,Private limited company,,,2025-12-24,,,46690,2 Ascot Close Bishop's Stortford CM23 5BP England
PUMP'D GYM LTD,16932124,Active,Private limited company,,,2025-12-27,,,93130,1 Poplar Court Greensward Lane Hockley SS5 5JB England
SUNNY GYM LIMITED,16291647,Active,Private limited company,,,2025-03-04,,,96020,5 Bournbrook Road Birmingham B29 7BL England
TRAVEL GYM BROS LTD,16906582,Active,Private limited company,,,2025-12-12,,,14190 47910 62012,71-75 Shelton Street Covent Garden London WC2H 9JQ United Kingdom
LIL GYM LTD,16908110,Active,Private limited company,,,2025-12-12,,,93130,Unit 2b Hallam Mill Hallam Street Stockport SK2 6PT United Kingdom
GYM COMPLIANCE LTD,16905890,Active,Private limited company,,,2025-12-12,,,74909,61 Bridge Street Kington HR5 3DJ United Kingdom
GOLDEN GAINZ GYM 2 LTD,16901882,Active,Private limited company,,,2025-12-10,,,86900,273 Main Road Sheffield S9 4QD England
INNER STRENGTH GYM LIMITED,SC840567,Active,Private limited company,,,2025-03-08,,,93130,11 Keith Street Hamilton ML3 7BL Scotland
GYM POWER LTD,16867953,Active,Private limited company,,,2025-11-21,,,93130,20 Elm Park Avenue London N15 6AT England
PURE IMPACT GYM LTD,16870853,Active,Private limited company,,,2025-11-24,,,93130,49 Whitegate Drive Blackpool FY3 9DG England
THE OLD IRONWORKS GYM LTD,16874554,Active,Private limited company,,,2025-11-25,,,64209,78 The Beacon Foundry Eastbourne BN21 3NW United Kingdom
THAT GYM GUY LIMITED,16879747,Active,Private limited company,,,2025-11-28,,,93199,13 Longfield Close Amington Tamworth B77 3BJ England
LEVEL GYM GROUP LTD,16890445,Active,Private limited company,,,2025-12-04,,,93130,Rmt Accountants Gosforth Park Avenue Newcastle Upon Tyne NE12 8EG United Kingdom
GYM AND CLINIC LTD,SC861939,Active,Private limited company,,,2025-09-08,,,86900 93130,15a Quayside Street Edinburgh EH6 6EJ Scotland
DFC FIT GYM LTD,SC833798,Active,Private limited company,,,2025-01-11,,,93130,Spectrum House 1a North Avenue Clydebank Business Park Clydebank G81 2DR Scotland
GYM RAVE LIMITED,16172540,Active,Private limited company,,,2025-01-09,,,47510 47710 47820,71-75 Shelton Street Covent Garden London WC2H 9JQ United Kingdom
WRIGHT WAYS GYM LTD,16199446,Active,Private limited company,,,2025-01-21,,,93130,45 Burrell Road Ipswich IP2 8AH United Kingdom
CORE GYM OSWESTRY LIMITED,16198844,Active,Private limited company,,,2025-01-21,,,93130,Enterprise House Unit Mo12 Maesbury Road Oswestry SY10 8GA United Kingdom
ALPHA BOXING GYM LIMITED,16217615,Active,Private limited company,,,2025-01-29,,,85510,Old Co-Op Buildings West Parade Leadgate Consett DH8 7PJ England
THE PINK GYM LTD,16226805,Active,Private limited company,,,2025-02-03,,,93130,107 Clayhill Booker Marlow SL7 3FL United Kingdom
MAGNETIC GYM BAG LTD,16241811,Active,Private limited company,,,2025-02-10,,,13960 13990 14110 18129,71-75 Shelton Street Covent Garden London WC2H 9JQ United Kingdom
GYM KRAFT LIMITED,NI726348,Active,Private limited company,,,2025-02-13,,,93130,7 Oakdale Banbridge BT32 4RW United Kingdom
ELEVATE GYM PRESTON LTD,16256467,Active,Private limited company,,,2025-02-17,,,93130,3-4 Dollywaggon Way Bamber Bridge Preston PR5 6EW England
LOCK'IN GYM LTD,16278619,Active,Private limited company,,,2025-02-26,,,93130,116 Podsmead Rd Gloucester GL2 5AD United Kingdom
GAINZ GYM EQUIPMENT LIMITED,16291921,Active,Private limited company,,,2025-03-04,,,47910,111 Essex Street Walsall WS2 7AR England
PUMP MUSCLE GYM LIMITED,16298534,Active,Private limited company,,,2025-03-06,,,93130,Suite 3 157 Station Road East Oxted RH8 0QE United Kingdom
SLIM GYM LIMITED,16303647,Active,Private limited company,,,2025-03-10,,,93130,27 Southport Road Chorley PR7 1LF England
CHAMPS GYM LTD,16291972,Active,Private limited company,,,2025-03-04,,,93130,Ivy-Dean White Street Kibworth Beauchamp Leicester LE8 0JG England
TOTAL GYM STORE LTD,16163297,Active,Private limited company,,,2025-01-04,,,46690,9 Cornmoor Crescent East Huntspill Highbridge TA9 3NY England
IRONBUILT GYM LTD,16161090,Active,Private limited company,,,2025-01-03,,,96040,Unit 7a Radford Crescent Billericay CM12 0DU United Kingdom
NORTH LONDON GYM GROUP LTD,16159520,Active,Private limited company,,,2025-01-02,,,93130,124 City  Road London EC1V 2NX United Kingdom
VAULT GYM KENT LIMITED,16310123,Active,Private limited company,,,2025-03-12,,,96040,424 Margate Road Westwood Ramsgate CT12 6SJ England
INVICTUS SPORTS GYM LTD,16311255,Active,Private limited company,,,2025-03-12,,,93199,13 Church Street Ampthill Bedford MK45 2PL England
MIAH BROS MMA GYM LTD,16329526,Active,Private limited company,,,2025-03-20,,,93130,113 Hangleton Way Hove BN3 8AF England
GABY'S GARAGE GYM LTD,16383361,Active,Private limited company,,,2025-04-11,,,86900,4 Hever Grove Huddersfield HD5 9TJ England
NOT ANOTHER FUNCTIONAL FITNESS GYM LTD,16342445,Active,Private limited company,,,2025-03-25,,,93130,26 Windmill Way Kirton Lindsey Gainsborough DN21 4FE England
GYM PIG LTD,16372055,Active,Private limited company,,,2025-04-08,,,47290,26 Nixonville Merthyr Vale Merthyr Tydfil CF48 4RF Wales
SCRAPYARD BOXING GYM LTD,SC854735,Active,Private limited company,,,2025-07-07,,,93130,26 Gordon Drive East Kilbride Glasgow G74 3AG Scotland
RETRO GYM SOLUTIONS LTD,16168516,Active,Private limited company,,,2025-01-07,,,47990,Unit 2 Timber Yard Industrial Estate East Moors Road Cardiff CF24 5EE Wales
FOUNDRY GYM CHELTENHAM LIMITED,16574070,Active,Private limited company,,,2025-07-10,,,93130,Beech Tree House 16 The Strand Bromsgrove B61 8AB England
FOUNDRY GYM GLOUCESTER LIMITED,16572381,Active,Private limited company,,,2025-07-09,,,93130,Beech Tree House 16 The Strand Bromsgrove B61 8AB England
VITUS GYM WEAR LTD,16261725,Dissolved,Private limited company,,2025-07-22,2025-02-19,,,46420,128 City Road London EC1V 2NX United Kingdom
BIG BAD GYM LTD,16580151,Active,Private limited company,,,2025-07-14,,,96040,Office 13479 182-184 High Street North East Ham London E6 2JA United Kingdom
THE PILATES GYM 2025 LTD,16575937,Active,Private limited company,,,2025-07-11,,,85510,The Pilates Gym Heath Farm Alcester Road Wythall B47 6AJ United Kingdom
EMMAS GYM CREW LTD,16578958,Active,Private limited company,,,2025-07-14,,,99999,"Dept 2, 43 Owston Road Carcroft Doncaster DN6 8DA England"
GYM TOURS AI LTD,16593438,Active,Private limited company,,,2025-07-19,,,62012,10-12 Mulberry Green Harlow CM17 0ET England
TDM GYM LICHFIELD LTD,16599834,Active,Private limited company,,,2025-07-22,,,93130,8a Bore Street Lichfield WS13 6LL England
TDM GYM FRADLEY LTD,16599900,Active,Private limited company,,,2025-07-22,,,93130,8a Bore Street Lichfield WS13 6LL England
TDM GYM WALSALL WOOD LTD,16600099,Active,Private limited company,,,2025-07-22,,,93130,8a Bore Street Lichfield WS13 6LL England
ACTORS GYM LTD,16602794,Active,Private limited company,,,2025-07-23,,,85590,85 Great Portland Street London W1W 7LT England
3ROTHERS GYM LIMITED,16623120,Active,Private limited company,,,2025-08-01,,,93130,Unit 5 92 Chorlton Road Manchester M15 4AL United Kingdom
LIFT GYM MK LTD,16668878,Active,Private limited company,,,2025-08-23,,,93130,1 Kirkham Court Loughton Milton Keynes MK5 8BN England
FORTIOR GYM LIMITED,16683939,Active,Private limited company,,,2025-09-01,,,47910,4 Newquay Road London SE6 2NS England
SALT GYM LOANHEAD LTD.,SC861406,Active,Private limited company,,,2025-09-02,,,93130,2/3 Ferry Gait Drive Edinburgh EH4 4GJ Scotland
GYM LUX LTD,16638660,Active,Private limited company,,,2025-08-08,,,46160 46420 47710,71-75 Shelton Street Covent Garden London WC2H 9JQ United Kingdom
FOUNDRY GYM LEEDS LTD,16641474,Active,Private limited company,,,2025-08-11,,,93130,10 Chatsworth Avenue Birmingham B43 6QN England
ELITE PHYSIQUES GYM LTD,16691902,Active,Private limited company,,,2025-09-03,,,93130,4 Foxglove Close Lowestoft NR33 7DY England
FATS GYM LTD,16401933,Active,Private limited by guarantee without share capital,,,2025-04-23,,,86900 93130,32 Milton Grove Manchester M16 0BP England
JACKED GYM LTD,16348133,Active,Private limited company,,,2025-03-27,,,93130,Unit 4 Premier Business Park Huntspill Road Highbridge TA9 3DE England
GYM FITNESS STORE LTD,16348350,Active,Private limited company,,,2025-03-27,,,47910,2-3 Sheldon House Sheep Street Shipston-On-Stour CV36 4AF United Kingdom
GYM PANDA LTD,16417690,Active,Private limited company,,,2025-04-29,,,14190 46420 47910,79 Jervoise Road Birmingham B29 5QT England
MARINE HOUSE GYM LTD,16417083,Active,Private limited company,,,2025-04-29,,,93130,9-10 Station Road Sunderland SR6 9AA England
CARGILL'S GYM MONTROSE LTD,SC848410,Active,Private limited company,,,2025-05-13,,,93130,3 Strathview Dundee Road Forfar DD8 1XA United Kingdom
RALL'S GYM LTD,16458399,Active,Private limited company,,,2025-05-19,,,93130,21 Hla Accountants 21 Hyde Park Road Leeds LS6 1PY England
ARIF GYM LTD,16455127,Active,Private limited company,,,2025-05-17,,,86900,"3rd Floor, 86-90 Paul Street London EC2A 4NE United Kingdom"
FORGE GYM STUDIO LTD,16183602,Active,Private limited company,,,2025-01-14,,,93130,38 High Street Bovingdon Hemel Hempstead HP3 0HJ England
THE GYM PHYSIO LTD,16475354,Active,Private limited company,,,2025-05-27,,,86900 96040,5 Hartford Killingworth Newcastle Upon Tyne NE12 5BR United Kingdom
THE STRATHAVEN GYM COMPANY LIMITED,SC849605,Active,Private limited company,,,2025-05-23,,,93130,2/3 48 West George Street Glasgow G2 1BP Scotland
TN GYM EQUIPMENT LIMITED,16471690,Active,Private limited company,,,2025-05-23,,,47640,27 Winchfield Close Southampton SO19 9JF England
NFA GYM LIMITED,SC843958,Active,Private limited company,,,2025-04-04,,,93130,Unit 3cloud 37 Rosyth Road Glasgow G5 0YE Scotland
ASSASSINS BOXING GYM LTD,SC840215,Active,Private limited company,,,2025-03-05,,,93110 93130 96040,7 Skipness Drive Glasgow G51 4RL Scotland
EPIC GYM (PORTISHEAD) LTD,16372125,Active,Private limited company,,,2025-04-08,,,93130,10 Meadow Street Avonmouth Bristol BS11 9AR United Kingdom
VQ GYM LIMITED,16374475,Active,Private limited company,,,2025-04-08,,,93130,Commercial House 11 The Strand Barnstaple EX31 1EU England
AERO GYM LTD,16355679,Active,Private limited company,,,2025-03-31,,,93130,2 Wessex Walk Dartford DA2 7WE England
THE GYM XCHANGE LTD,16338211,Active,Private limited company,,,2025-03-24,,,93130,Buff Cottage Reeds Lane Sayers Common Hassocks BN6 9JG England
CLASSY GYM LTD,16375847,Active,Private limited company,,,2025-04-09,,,93199,100 Chepstow Road London W2 5QP United Kingdom
CONCRETE CANVAS BOXING GYM CIC,16513950,Active,Private limited by guarantee without share capital,Community Interest Company (CIC),,2025-06-12,,,85510,228 Middlewood Road Sheffield S6 1TE England
ELITE GYM BRO LTD,16253477,Dissolved,Private limited company,,2025-07-01,2025-02-14,,,85510,71-75 Shelton Street Covent Garden London WC2H 9JQ United Kingdom
LEAP GYM LIMITED,16481755,Active,Private limited company,,,2025-05-29,,,96040,248a Stanstead Road London SE23 1DD United Kingdom
THE HUTT HYBRID GYM LTD,16505406,Active,Private limited company,,,2025-06-09,,,93130,2b Jandrem Industrial Estate Hirst Road Carlton Goole DN14 9PX England
TOP GYM SOLUTIONS LTD,16506421,Active,Private limited company,,,2025-06-09,,,33200,30 Dalby Court Peterborough PE1 4TH England
JIM'S GYM COACHING LTD,16533705,Active,Private limited company,,,2025-06-22,,,96040,33 Chase Side Drive Rugeley WS15 2FL England
RIVALS GYM PROPERTIES LTD,SC852767,Active,Private limited company,,,2025-06-18,,,68209,18 Bowhousebog Road Shotts ML7 5BU Scotland
FALCON'S GYM LTD,SC853557,Active,Private limited company,,,2025-06-25,,,93130,4 Station Road Earlston TD4 6BZ United Kingdom
GYM RAT NUTRITION LTD,16423976,Active,Private limited company,,,2025-05-01,,,86900,Unit 27 Hamilton Road Manchester M13 0PD United Kingdom
CITY GYM RICHMOND LIMITED,16446403,Active,Private limited company,,,2025-05-13,,,93130,71-75 Shelton Street Covent Garden London WC2H 9JQ United Kingdom
THE MATHS GYM LIMITED,16425694,Active,Private limited company,,,2025-05-02,,,85200 85310 85600,71-75 Shelton Street Covent Garden London WC2H 9JQ United Kingdom
NXT LVL GYM LIMITED,16379210,Active,Private limited company,,,2025-04-10,,,93130,24-25  Prestatyn Business Park Warren Drive Prestatyn LL19 7HT Wales
MOVE GYM LDN LTD,16435693,Active,Private limited company,,,2025-05-07,,,93130 96040,128 Clifden Court Clifden Road Twickenham TW1 4LR England
GRIT PERFORMANCE GYM LTD,SC859536,Active,Private limited company,,,2025-08-19,,,93130,Office 32 Business Incubator Kirkcaldy Myregormie Place Mitchelston Industrial Estate Kirkcaldy KY1 3NA Scotland
FOUNDRY GYM PT LIMITED,16662196,Active,Private limited company,,,2025-08-20,,,93130,31 The Hobbins Bridgnorth WV15 5HH England
GYM DEN (LEEDS) LTD,16663352,Active,Private limited company,,,2025-08-20,,,93130,"Psb Branding Ltd,  81 New Road Side Horsforth Leeds LS18 4QD United Kingdom"
STREET GYM FOUNDATION LIMITED,16636445,Active,Private limited by guarantee without share capital,,,2025-08-07,,,88990,1st Floor The Bridge 73-81 Southwark Bridge Road London SE1 0NQ United Kingdom
SHREDBOX GYM LTD,16717719,Active,Private limited company,,,2025-09-15,,,93130,25 Buchan Drive Kingsway Quedgeley Gloucester GL2 2EA England
GYM MONKEY 84 LTD,16715719,Active,Private limited company,,,2025-09-14,,,47820 93130,33 Bohemia Road St. Leonards-On-Sea TN37 6RA England
SUNNY-SIDE GYM LTD,16698715,Active,Private limited company,,,2025-09-05,,,93130,Sunny-Side Gym Springfield Street Morecambe LA4 4HA United Kingdom
GYM TECH SOLUTIONS LIMITED,SC862030,Active,Private limited company,,,2025-09-08,,,47990,1/1 49 Dornford Avenue Glasgow G32 9NL Scotland
DEUSBOXING GYM LTD,16725458,Active,Private limited by guarantee without share capital,,,2025-09-17,,,93130,169 Links Road North Shields NE30 3TG United Kingdom
GYM BUNNY ATHLETICS LTD,16741650,Active,Private limited company,,,2025-09-25,,,47710,Ground Floor Bradfield House Popes Lane Oldbury B69 4PA England
GYM PANDA LONDON LTD,16778084,Active,Private limited company,,,2025-10-10,,,47910,49 Avon Road Southampton SO18 4FR England
THE FORGE GYM GROUP LTD,16775237,Active,Private limited company,,,2025-10-09,,,93130,5 Merlin Drive Wouldham Rochester ME1 3ZG England
THE GYM BOARDROOM LTD,16705591,Active,Private limited company,,,2025-09-09,,,70229,109 Hermitage Woods Crescent Woking GU21 8UF England
THE GYM GROWTH LTD,16188545,Active,Private limited company,,,2025-01-16,,,58290,43 Leydene Avenue Bournemouth BH8 9JQ England
RSM SYNERGY GYM LIMITED,16806564,Active,Private limited company,,,2025-10-23,,,93110 93130,Happy Shopper New Front Street Tanfield Lea Stanley DH9 9LY United Kingdom
SQUARE ONE GYM HOLDINGS LTD,16815034,Active,Private limited company,,,2025-10-28,,,68209,18 Moore Close Wimborne BH21 2GG United Kingdom
V66 GYM LIMITED,16839800,Active,Private limited company,,,2025-11-07,,,93130,First Floor 10 Village Way Pinner HA5 5AF United Kingdom
SPARK GYM FITNESS CLUB LTD,16738977,Active,Private limited company,,,2025-09-24,,,96040,Spark Gym Fitness Club Ltd Unit 3 Jessop Close Clacton On Sea CO15 4LX England
THE GYM IN TREHARRIS LTD,16838517,Active,Private limited company,,,2025-11-07,,,93130,103 Cilhaul Treharris CF46 5HT Wales
GYM DRIFT LTD,16855379,Active,Private limited company,,,2025-11-14,,,47710,620 London Road Grays RM20 3HX England
FIT AS GYM LTD,16859693,Active,Private limited company,,,2025-11-17,,,93130,"First Floor, 14 Woodford Road Bramhall Stockport SK7 1JJ England"
KORE GYM LTD,16852641,Active,Private limited company,,,2025-11-13,,,93130,Brookfield Nash Road Newport NP18 2BW Wales
LEIGHTON BUZZARD PT GYM LTD,16847991,Active,Private limited company,,,2025-11-11,,,93130,Terrace Hall Woolhope Hereford HR1 4QJ United Kingdom
THE GYM ABER LTD,16762211,Active,Private limited company,,,2025-10-03,,,93130,Tyngelli Penbontrhydybeddau Aberystwyth SY23 3EZ United Kingdom
MANEFIT LADIES GYM LTD,16629358,Active,Private limited company,,,2025-08-05,,,93130,87 Wemborough Road Stanmore HA7 2ED England
GYM COLLECTIONS LTD,16203533,Dissolved,Private limited company,,2025-10-21,2025-01-23,,,47910,10 Vale Rise Chesham HP5 2BG England
IRON FORGE GYM LTD,16788493,Active,Private limited company,,,2025-10-16,,,93130,9 Lydford Road Leicester LE4 9FB England
IRON HILLS GYM LTD,16789473,Active,Private limited company,,,2025-10-16,,,93130,Barn 5 Waterfall Farm Whitby Road Guisborough TS14 6PU England
THE OLD BYRE GYM LTD,16788615,Active,Private limited company,,,2025-10-16,,,93130,Smallmoor Farm Middlezoy Bridgwater TA7 0PJ England
CIENTO GYM LTD,16787094,Active,Private limited company,,,2025-10-15,,,93130,37 Mill Street Bideford EX39 2JJ England
BIL SHA GYM GROUP LTD,16792941,Active,Private limited company,,,2025-10-17,,,64209,104 Cromer Street London WC1H 8BZ United Kingdom
ONE GYM FITNESS LTD,16770659,Active,Private limited company,,,2025-10-08,,,93130,35 Cambridge Street Wellingborough NN8 1DW England
UK GYM TEK LTD,SC841449,Active,Private limited company,,,2025-03-15,,,33110 33120 33190 93130,"Unit 13, Kirkcaldy Enterprise Centre Mitchelston Drive Mitchelston Industrial Estate Kirkcaldy KY1 3NF Scotland"
ZERO GENETICS GYM LTD,16880018,Active,Private limited company,,,2025-11-28,,,96040,"Abraham Chartered Certified Accountants, 46 Houghton Place Bradford BD1 3RG United Kingdom"
HER PLACE GYM GROUP LTD,16882489,Active,Private limited company,,,2025-12-01,,,93130,Office Suite 2 Fort Bridgewood Maidstone Road Rochester ME1 3DQ United Kingdom
GYM ON LONDON STRATFORD LTD,16883698,Active,Private limited company,,,2025-12-01,,,93120,2 Chatfield Road London SW11 3SD United Kingdom
FOUNDRY GYM MANCHESTER LTD,16820304,Active,Private limited company,,,2025-10-30,,,93130,37 Abacus Building Warwick Street Birmingham B12 0NW United Kingdom
BASIC GYM NOTTINGHAM LIMITED,16818749,Active,Private limited company,,,2025-10-29,,,94120,First Floor Office 3 Hornton Place London W8 4LZ United Kingdom
BABY GYM LTD,16938172,Active,Private limited company,,,2025-12-31,,,93130 96040,4 Oakdale Road London N4 1NX England
PUMP’D GYM MANAGEMENT LTD,16935734,Active,Private limited company,,,2025-12-30,,,93130,Fabbro Manor Goatsmoor Lane Stock Ingatestone CM4 9RS England
STUDIO STRIVE GYM LTD,16277014,Active,Private limited company,,,2025-02-26,,,93130,606 Masson Place Hornbeam Way Manchester M4 4AQ England
INNOV8 GYM (WARRENPOINT) LTD,NI735970,Active,Private limited company,,,2025-12-08,,,93130,34 Knockmoyle Drive Antrim BT41 1HE Northern Ireland
YOUR LIFE GYM LIMITED,16902879,Active,Private limited company,,,2025-12-10,,,85590 86900 96040,71-75 Shelton Street Covent Garden London WC2H 9JQ United Kingdom
PATTERN GYM CIC,16381278,Active,Private limited by guarantee without share capital,Community Interest Company (CIC),,2025-04-11,,,86900 93130,76b Falkland Road London N8 0NP United Kingdom
L & K FOUNDRY GYM LTD,16900695,Active,Private limited company,,,2025-12-09,,,93110,113 Belvoir Road Coalville LE67 3PH England
CUSTOM GYM INTERIORS LIMITED,16899917,Active,Private limited company,,,2025-12-09,,,43330,231-233 Elliott Street Tyldesley Manchester M29 8DG England
M27 GYM LTD,16382974,Active,Private limited company,,,2025-04-11,,,93130 93199,73a London Road Alderley Edge SK9 7DY England